,Response,Error,Title,Year,Rated,Released,Runtime,Genre,Director,Writer,Actors,Plot,Language,Country,Awards,Poster,Ratings,Metascore,imdbRating,imdbVotes,imdbID,Type,DVD,BoxOffice,Production,Website,totalSeasons
0,False,Movie not found!,,,,,,,,,,,,,,,,,,,,,,,,,
1,True,,Faye Dunaway: Live from the TCM Classic Film Festival,2017,N/A,03 Apr 2017,56 min,"Documentary, Biography",Anne McGill Wilson,N/A,"Ben Mankiewicz, Faye Dunaway","Taped before a live audience at Hollywood's Montalbán Theatre during the 2016 TCM Classic Film Festival, Academy Award-winning actress Faye Dunaway sits down with host Ben Mankiewicz for a discussion of her life and career.",English,USA,N/A,https://m.media-amazon.com/images/M/MV5BMWNjNDRjZTYtZTZiYi00Y2RkLTlkMjUtN2ViM2JmMWE4YTJjXkEyXkFqcGdeQXVyMTYzMTY1MjQ@._V1_SX300.jpg,[],N/A,N/A,N/A,tt6754432,movie,N/A,N/A,N/A,N/A,
2,False,Movie not found!,,,,,,,,,,,,,,,,,,,,,,,,,
3,False,Movie not found!,,,,,,,,,,,,,,,,,,,,,,,,,
4,True,,Liv Ullmann scener fra et liv,1997,N/A,08 Aug 1997,76 min,Documentary,Edvard Hambro,N/A,"Woody Allen, Pernilla August, Mark Bartolini, Ingmar Bergman",N/A,"Norwegian, Swedish, English",Norway,1 win.,N/A,"[{'Source': 'Internet Movie Database', 'Value': '6.4/10'}]",N/A,6.4,36,tt0163721,movie,N/A,N/A,N/A,N/A,
5,True,,Focus: Anne Bancroft,2015,N/A,06 Jun 2015,13 min,"Documentary, Biography, History",Marco Spagnoli,Marco Spagnoli,"Anne Bancroft, Mel Brooks, Ezio Greggio","The outstanding Life and Career of Anne Bancroft told also by the perspective of family friend, Italian comedian and director Ezio Greggio.","Italian, English",Italy,N/A,N/A,[],N/A,N/A,N/A,tt4699324,movie,N/A,N/A,N/A,N/A,
6,True,,Jane Fonda in Five Acts,2018,TV-14,24 Sep 2018,133 min,Documentary,Susan Lacy,N/A,"Jane Fonda, Richard Nixon, Robert Redford, Nathalie Vadim","A look at the life, work, activism and controversies of actress and fitness tycoon, Jane Fonda.","English, French",USA,Nominated for 1 Primetime Emmy. Another 1 win & 3 nominations.,https://m.media-amazon.com/images/M/MV5BMWI3ZGQ4MTItZDYwNy00M2M5LWE4YmQtZTA2ZjE0MWE2YTdlXkEyXkFqcGdeQXVyMjQ3NzUxOTM@._V1_SX300.jpg,"[{'Source': 'Internet Movie Database', 'Value': '8.0/10'}, {'Source': 'Rotten Tomatoes', 'Value': '97%'}, {'Source': 'Metacritic', 'Value': '87/100'}]",87,8.0,"1,802",tt7689958,movie,N/A,N/A,HBO Documentary Films,N/A,
7,True,,AFI Life Achievement Award: A Tribute to Diane Keaton,2017,N/A,15 Jun 2017,106 min,N/A,Louis J. Horvitz,"Bob Gazzale, Jon Macks","Diane Keaton, Steve Martin, Martin Short, Reese Witherspoon",Actress Diane Keaton is honored with the 45th AFI Life Achievement Award in a ceremony at the Dolby Theatre in Hollywood.,N/A,USA,N/A,https://m.media-amazon.com/images/M/MV5BOWRkOGM1ZmUtYWFiOS00ZWEyLTk3Y2ItZjNhNTQ2NDZjMzgzXkEyXkFqcGdeQXVyMTYzMTY1MjQ@._V1_SX300.jpg,"[{'Source': 'Internet Movie Database', 'Value': '7.3/10'}]",N/A,7.3,20,tt7083600,movie,N/A,N/A,N/A,N/A,
8,True,,Shirley MacLaine,2013,N/A,12 Oct 2013,3 min,Short,Haans Nicholas Mott,N/A,Brett Guitar Hofer,N/A,English,USA,N/A,N/A,[],N/A,N/A,N/A,tt3292148,movie,N/A,N/A,N/A,N/A,
9,False,Movie not found!,,,,,,,,,,,,,,,,,,,,,,,,,
10,True,,Ingrid Bergman: In Her Own Words,2015,Not Rated,27 Aug 2015,114 min,"Documentary, Biography",Stig Björkman,"Stig Björkman, Dominika Daubenbüchel, Stina Gardell","Alicia Vikander, Ingrid Bergman, Pia Lindström, Roberto Rossellini",A captivating look behind the scenes of the remarkable life of a young Swedish girl who became one of the most celebrated actresses of American and World cinema.,"Swedish, English, Italian, French","Sweden, Denmark, Germany",2 wins & 3 nominations.,https://m.media-amazon.com/images/M/MV5BMjMzOTEyNjM3NF5BMl5BanBnXkFtZTgwNTY4MDk5NjE@._V1_SX300.jpg,"[{'Source': 'Internet Movie Database', 'Value': '7.3/10'}, {'Source': 'Rotten Tomatoes', 'Value': '98%'}, {'Source': 'Metacritic', 'Value': '75/100'}]",75,7.3,"1,867",tt4621016,movie,N/A,N/A,"Jonas Gardell Produktion, Svenska Filminstitutet, The Chimney Pot, SVT, Mantaray Film AB, ZDF/Arte",N/A,
11,True,,The Ellen Burstyn Show,1986–1987,N/A,20 Sep 1986,30 min,Comedy,N/A,David Frankel,"Ellen Burstyn, Megan Mullally, Jesse R. Tendler, Barry Sobel","Ellen Brewer, a best-selling author, shares her Baltimore house with single daughter Molly Ross, plus five year old grandson Nick. Added to the mix, is Ellen's sarcastic mother Sydney, and her seminar student Tom, a frequent guest.",English,USA,1 nomination.,https://m.media-amazon.com/images/M/MV5BZjU5NWIwMTUtZTFlYS00YjQ1LTg1YzAtNGVmOTI4ZjU5NTYyXkEyXkFqcGdeQXVyMTQ3Njg3MQ@@._V1_SX300.jpg,"[{'Source': 'Internet Movie Database', 'Value': '8.2/10'}]",N/A,8.2,43,tt0090425,series,,,,,1
12,False,Movie not found!,,,,,,,,,,,,,,,,,,,,,,,,,
13,True,,Jane Fonda in Five Acts,2018,TV-14,24 Sep 2018,133 min,Documentary,Susan Lacy,N/A,"Jane Fonda, Richard Nixon, Robert Redford, Nathalie Vadim","A look at the life, work, activism and controversies of actress and fitness tycoon, Jane Fonda.","English, French",USA,Nominated for 1 Primetime Emmy. Another 1 win & 3 nominations.,https://m.media-amazon.com/images/M/MV5BMWI3ZGQ4MTItZDYwNy00M2M5LWE4YmQtZTA2ZjE0MWE2YTdlXkEyXkFqcGdeQXVyMjQ3NzUxOTM@._V1_SX300.jpg,"[{'Source': 'Internet Movie Database', 'Value': '8.0/10'}, {'Source': 'Rotten Tomatoes', 'Value': '97%'}, {'Source': 'Metacritic', 'Value': '87/100'}]",87,8.0,"1,802",tt7689958,movie,N/A,N/A,HBO Documentary Films,N/A,
14,True,,Geraldine Page: Stages of a Dream,2014,N/A,N/A,N/A,Documentary,N/A,N/A,"F. Murray Abraham, Ellen Burstyn, Edward Albee, Elizabeth Ashley",Experience the astonishing journey of actress Geraldine Page who became one of the most dazzling phenomenons of the 20th Century. This stunning documentary reveals the remarkable story a ...,N/A,USA,N/A,N/A,[],N/A,N/A,N/A,tt2381191,movie,N/A,N/A,N/A,N/A,
15,False,Movie not found!,,,,,,,,,,,,,,,,,,,,,,,,,
16,False,Movie not found!,,,,,,,,,,,,,,,,,,,,,,,,,
17,True,,Jane Fonda in Five Acts,2018,TV-14,24 Sep 2018,133 min,Documentary,Susan Lacy,N/A,"Jane Fonda, Richard Nixon, Robert Redford, Nathalie Vadim","A look at the life, work, activism and controversies of actress and fitness tycoon, Jane Fonda.","English, French",USA,Nominated for 1 Primetime Emmy. Another 1 win & 3 nominations.,https://m.media-amazon.com/images/M/MV5BMWI3ZGQ4MTItZDYwNy00M2M5LWE4YmQtZTA2ZjE0MWE2YTdlXkEyXkFqcGdeQXVyMjQ3NzUxOTM@._V1_SX300.jpg,"[{'Source': 'Internet Movie Database', 'Value': '8.0/10'}, {'Source': 'Rotten Tomatoes', 'Value': '97%'}, {'Source': 'Metacritic', 'Value': '87/100'}]",87,8.0,"1,802",tt7689958,movie,N/A,N/A,HBO Documentary Films,N/A,
18,False,Movie not found!,,,,,,,,,,,,,,,,,,,,,,,,,
19,True,,Bette Midler in Concert: Diva Las Vegas,1997,N/A,N/A,125 min,"Documentary, Music",Marty Callner,"Madalyn Minch, Bruce Vilanch, Lon Weyland","Bette Midler, Bobby Lyle, Buzz Feiten, Danny Jacob",N/A,English,USA,Won 2 Primetime Emmys. Another 2 wins & 8 nominations.,https://m.media-amazon.com/images/M/MV5BMTI4NDMzODQ5Nl5BMl5BanBnXkFtZTcwNjQzMzAyMQ@@._V1_SX300.jpg,"[{'Source': 'Internet Movie Database', 'Value': '8.8/10'}]",N/A,8.8,208,tt0118703,movie,N/A,N/A,N/A,N/A,
20,True,,The Ellen Burstyn Show,1986–1987,N/A,20 Sep 1986,30 min,Comedy,N/A,David Frankel,"Ellen Burstyn, Megan Mullally, Jesse R. Tendler, Barry Sobel","Ellen Brewer, a best-selling author, shares her Baltimore house with single daughter Molly Ross, plus five year old grandson Nick. Added to the mix, is Ellen's sarcastic mother Sydney, and her seminar student Tom, a frequent guest.",English,USA,1 nomination.,https://m.media-amazon.com/images/M/MV5BZjU5NWIwMTUtZTFlYS00YjQ1LTg1YzAtNGVmOTI4ZjU5NTYyXkEyXkFqcGdeQXVyMTQ3Njg3MQ@@._V1_SX300.jpg,"[{'Source': 'Internet Movie Database', 'Value': '8.2/10'}]",N/A,8.2,43,tt0090425,series,,,,,1
21,True,,The Goldie Hawn Special,1978,N/A,01 Mar 1978,60 min,N/A,Don Mischer,"Earl Brown, George Schlatter, Digby Wolfe","Goldie Hawn, George Burns, Shaun Cassidy, Harlem Globetrotters",N/A,English,USA,N/A,N/A,"[{'Source': 'Internet Movie Database', 'Value': '7.7/10'}]",N/A,7.7,10,tt0335122,movie,N/A,N/A,N/A,N/A,
22,True,,The Mary Tyler Moore Show,1970–1977,TV-PG,19 Sep 1970,30 min,Comedy,N/A,"James L. Brooks, Allan Burns","Mary Tyler Moore, Gavin MacLeod, Edward Asner, Ted Knight","The lives and trials of a young single woman and her friends, both at work and at home.",English,USA,Won 3 Golden Globes. Another 39 wins & 82 nominations.,https://m.media-amazon.com/images/M/MV5BMTU3ODYzMzU5NF5BMl5BanBnXkFtZTcwOTk3MDkyMQ@@._V1_SX300.jpg,"[{'Source': 'Internet Movie Database', 'Value': '8.1/10'}]",N/A,8.1,"6,649",tt0065314,series,,,,,7
23,True,,Gena Rowlands: Unabhängig im Kino und im Leben,2017,N/A,N/A,53 min,"Documentary, Biography",Sabine Carbon,Sabine Carbon,Gena Rowlands,N/A,German,Germany,N/A,N/A,[],N/A,N/A,N/A,tt10439302,movie,N/A,N/A,N/A,N/A,
24,False,Movie not found!,,,,,,,,,,,,,,,,,,,,,,,,,
25,True,,Katharine Hepburn: All About Me,1993,N/A,18 Jan 1993,70 min,"Documentary, Biography",David Heeley,"David Heeley, Katharine Hepburn, Joan Kramer","Katharine Hepburn, Dorothy Arzner, Lauren Bacall, John Beal","Katharine Hepburn talks about her life from the start, through all her film years, her relationship with Spencer Tracy, and what she does with her time currently.",English,USA,Nominated for 1 Primetime Emmy. Another 3 nominations.,https://m.media-amazon.com/images/M/MV5BNGVjZWFhNjYtODg0NC00MTllLThiZTMtMjY0ZDcxODdlODIzXkEyXkFqcGdeQXVyMTIxOTk5MzY@._V1_SX300.jpg,"[{'Source': 'Internet Movie Database', 'Value': '8.3/10'}]",N/A,8.3,488,tt0104597,movie,N/A,N/A,N/A,N/A,
26,True,,AFI Life Achievement Award: A Tribute to Diane Keaton,2017,N/A,15 Jun 2017,106 min,N/A,Louis J. Horvitz,"Bob Gazzale, Jon Macks","Diane Keaton, Steve Martin, Martin Short, Reese Witherspoon",Actress Diane Keaton is honored with the 45th AFI Life Achievement Award in a ceremony at the Dolby Theatre in Hollywood.,N/A,USA,N/A,https://m.media-amazon.com/images/M/MV5BOWRkOGM1ZmUtYWFiOS00ZWEyLTk3Y2ItZjNhNTQ2NDZjMzgzXkEyXkFqcGdeQXVyMTYzMTY1MjQ@._V1_SX300.jpg,"[{'Source': 'Internet Movie Database', 'Value': '7.3/10'}]",N/A,7.3,20,tt7083600,movie,N/A,N/A,N/A,N/A,
27,False,Movie not found!,,,,,,,,,,,,,,,,,,,,,,,,,
28,True,,Premio Donostia a Susan Sarandon,1995,N/A,01 Sep 1995,30 min,N/A,Manuel Palacios,N/A,"Pilar Miró, Edurne Ormazábal, Susan Sarandon",N/A,N/A,N/A,N/A,N/A,"[{'Source': 'Internet Movie Database', 'Value': '8.6/10'}]",N/A,8.6,13,tt0459941,movie,N/A,N/A,N/A,N/A,
29,True,,AFI Life Achievement Award: A Tribute to Meryl Streep,2004,N/A,21 Jun 2004,120 min,Biography,Louis J. Horvitz,Bob Gazzale,"Meryl Streep, Jim Carrey, Robert De Niro, Mike Nichols",Peers honor the actress for her contributions to movies.,English,USA,N/A,N/A,"[{'Source': 'Internet Movie Database', 'Value': '7.8/10'}]",N/A,7.8,215,tt0461644,movie,N/A,N/A,N/A,N/A,
30,True,,The Julie Andrews Hour,1972–1973,N/A,13 Sep 1972,60 min,Music,N/A,N/A,Julie Andrews,The Julie Andrews Hour was an entertaining television variety series starring Julie Andrews. Julie had amazing guests and great singing on her show.,English,USA,Nominated for 1 Golden Globe. Another 7 wins & 4 nominations.,https://m.media-amazon.com/images/M/MV5BMTc3MDQ2NTg4MV5BMl5BanBnXkFtZTYwNjAyMzQ2._V1_SX300.jpg,"[{'Source': 'Internet Movie Database', 'Value': '8.9/10'}]",N/A,8.9,101,tt0068089,series,,,,,1
31,True,,Premio Donostia a Jessica Lange,2002,N/A,25 Sep 2002,30 min,Family,N/A,N/A,"José Coronado, Jessica Lange",N/A,English,Spain,N/A,https://m.media-amazon.com/images/M/MV5BNmE3ZWM3ZmMtYmM0ZC00ZDk0LThjNzEtYjdjMjQ0MGU4NWNlXkEyXkFqcGdeQXVyMTA0MjU0Ng@@._V1_SX300.jpg,"[{'Source': 'Internet Movie Database', 'Value': '8.5/10'}]",N/A,8.5,23,tt0426176,movie,N/A,N/A,N/A,N/A,
32,False,Movie not found!,,,,,,,,,,,,,,,,,,,,,,,,,
33,True,,AFI Life Achievement Award: A Tribute to Meryl Streep,2004,N/A,21 Jun 2004,120 min,Biography,Louis J. Horvitz,Bob Gazzale,"Meryl Streep, Jim Carrey, Robert De Niro, Mike Nichols",Peers honor the actress for her contributions to movies.,English,USA,N/A,N/A,"[{'Source': 'Internet Movie Database', 'Value': '7.8/10'}]",N/A,7.8,215,tt0461644,movie,N/A,N/A,N/A,N/A,
34,True,,Searching for Debra Winger,2002,R,13 Jul 2002,99 min,Documentary,Rosanna Arquette,Rosanna Arquette (experiencer),"Patricia Arquette, Rosanna Arquette, Emmanuelle Béart, Katrin Cartlidge",Rosanna Arquette talks to various actresses about the pressures they face as women working in the entertainment industry.,English,USA,1 nomination.,https://m.media-amazon.com/images/M/MV5BMTM5MjQxODU3OF5BMl5BanBnXkFtZTcwNDk4MDUyMQ@@._V1_SX300.jpg,"[{'Source': 'Internet Movie Database', 'Value': '6.3/10'}, {'Source': 'Rotten Tomatoes', 'Value': '80%'}]",N/A,6.3,"1,085",tt0318049,movie,N/A,N/A,20th Century Fox,N/A,
35,False,Movie not found!,,,,,,,,,,,,,,,,,,,,,,,,,
36,True,,Shirley MacLaine,2013,N/A,12 Oct 2013,3 min,Short,Haans Nicholas Mott,N/A,Brett Guitar Hofer,N/A,English,USA,N/A,N/A,[],N/A,N/A,N/A,tt3292148,movie,N/A,N/A,N/A,N/A,
37,True,,AFI Life Achievement Award: A Tribute to Meryl Streep,2004,N/A,21 Jun 2004,120 min,Biography,Louis J. Horvitz,Bob Gazzale,"Meryl Streep, Jim Carrey, Robert De Niro, Mike Nichols",Peers honor the actress for her contributions to movies.,English,USA,N/A,N/A,"[{'Source': 'Internet Movie Database', 'Value': '7.8/10'}]",N/A,7.8,215,tt0461644,movie,N/A,N/A,N/A,N/A,
38,True,,Julie Walters and Friends,1991,N/A,29 Dec 1991,55 min,Comedy,Alasdair Macmillan,"Victoria Wood, Alan Bennett, Willy Russell, Alan Bleasdale","Julie Walters, Victoria Wood, Alan Bennett, Willy Russell",Julie Walters stars in new sketches by four accomplished writers who helped make her famous.,English,UK,1 nomination.,https://m.media-amazon.com/images/M/MV5BMjAzMDcyNzk4NV5BMl5BanBnXkFtZTcwMTk4MDgxMQ@@._V1_SX300.jpg,"[{'Source': 'Internet Movie Database', 'Value': '8.5/10'}]",N/A,8.5,22,tt0392199,movie,N/A,N/A,N/A,N/A,
39,True,,Searching for Debra Winger,2002,R,13 Jul 2002,99 min,Documentary,Rosanna Arquette,Rosanna Arquette (experiencer),"Patricia Arquette, Rosanna Arquette, Emmanuelle Béart, Katrin Cartlidge",Rosanna Arquette talks to various actresses about the pressures they face as women working in the entertainment industry.,English,USA,1 nomination.,https://m.media-amazon.com/images/M/MV5BMTM5MjQxODU3OF5BMl5BanBnXkFtZTcwNDk4MDUyMQ@@._V1_SX300.jpg,"[{'Source': 'Internet Movie Database', 'Value': '6.3/10'}, {'Source': 'Rotten Tomatoes', 'Value': '80%'}]",N/A,6.3,"1,085",tt0318049,movie,N/A,N/A,20th Century Fox,N/A,
40,False,Movie not found!,,,,,,,,,,,,,,,,,,,,,,,,,
41,False,Movie not found!,,,,,,,,,,,,,,,,,,,,,,,,,
42,True,,Premio Donostia a Jessica Lange,2002,N/A,25 Sep 2002,30 min,Family,N/A,N/A,"José Coronado, Jessica Lange",N/A,English,Spain,N/A,https://m.media-amazon.com/images/M/MV5BNmE3ZWM3ZmMtYmM0ZC00ZDk0LThjNzEtYjdjMjQ0MGU4NWNlXkEyXkFqcGdeQXVyMTA0MjU0Ng@@._V1_SX300.jpg,"[{'Source': 'Internet Movie Database', 'Value': '8.5/10'}]",N/A,8.5,23,tt0426176,movie,N/A,N/A,N/A,N/A,
43,True,,Premio Donostia a Vanessa Redgrave,1999,N/A,01 Sep 1999,30 min,N/A,Manuel Palacios,N/A,"Núria Espert, Edurne Ormazábal, Vanessa Redgrave",N/A,Spanish,Spain,N/A,N/A,"[{'Source': 'Internet Movie Database', 'Value': '9.0/10'}]",N/A,9.0,49,tt0459942,movie,N/A,N/A,N/A,N/A,
44,False,Movie not found!,,,,,,,,,,,,,,,,,,,,,,,,,
45,True,,Focus: Anne Bancroft,2015,N/A,06 Jun 2015,13 min,"Documentary, Biography, History",Marco Spagnoli,Marco Spagnoli,"Anne Bancroft, Mel Brooks, Ezio Greggio","The outstanding Life and Career of Anne Bancroft told also by the perspective of family friend, Italian comedian and director Ezio Greggio.","Italian, English",Italy,N/A,N/A,[],N/A,N/A,N/A,tt4699324,movie,N/A,N/A,N/A,N/A,
46,True,,Whoopi Goldberg Presents Moms Mabley,2013,Not Rated,20 Apr 2013,72 min,"Documentary, Comedy",Whoopi Goldberg,N/A,"Debbie Allen, Kaye Ballard, Harry Belafonte, Dick Cavett","A look at the work and influence of African-American stand-up comedienne, Moms Mabley.",English,USA,Nominated for 2 Primetime Emmys. Another 2 wins & 1 nomination.,https://m.media-amazon.com/images/M/MV5BOWQ0MTA0MjItYmZiOC00MDEwLTkwYjctZjQ3Y2MwNjcxOTllXkEyXkFqcGdeQXVyMjI0Mjk0MzU@._V1_SX300.jpg,"[{'Source': 'Internet Movie Database', 'Value': '8.0/10'}, {'Source': 'Rotten Tomatoes', 'Value': '77%'}]",N/A,8.0,246,tt2319863,movie,N/A,N/A,One Ho Productions,N/A,
47,True,,Premio Donostia a Jessica Lange,2002,N/A,25 Sep 2002,30 min,Family,N/A,N/A,"José Coronado, Jessica Lange",N/A,English,Spain,N/A,https://m.media-amazon.com/images/M/MV5BNmE3ZWM3ZmMtYmM0ZC00ZDk0LThjNzEtYjdjMjQ0MGU4NWNlXkEyXkFqcGdeQXVyMTA0MjU0Ng@@._V1_SX300.jpg,"[{'Source': 'Internet Movie Database', 'Value': '8.5/10'}]",N/A,8.5,23,tt0426176,movie,N/A,N/A,N/A,N/A,
48,True,,Geraldine Page: Stages of a Dream,2014,N/A,N/A,N/A,Documentary,N/A,N/A,"F. Murray Abraham, Ellen Burstyn, Edward Albee, Elizabeth Ashley",Experience the astonishing journey of actress Geraldine Page who became one of the most dazzling phenomenons of the 20th Century. This stunning documentary reveals the remarkable story a ...,N/A,USA,N/A,N/A,[],N/A,N/A,N/A,tt2381191,movie,N/A,N/A,N/A,N/A,
49,True,,AFI Life Achievement Award: A Tribute to Meryl Streep,2004,N/A,21 Jun 2004,120 min,Biography,Louis J. Horvitz,Bob Gazzale,"Meryl Streep, Jim Carrey, Robert De Niro, Mike Nichols",Peers honor the actress for her contributions to movies.,English,USA,N/A,N/A,"[{'Source': 'Internet Movie Database', 'Value': '7.8/10'}]",N/A,7.8,215,tt0461644,movie,N/A,N/A,N/A,N/A,
50,True,,Jane Fonda in Five Acts,2018,TV-14,24 Sep 2018,133 min,Documentary,Susan Lacy,N/A,"Jane Fonda, Richard Nixon, Robert Redford, Nathalie Vadim","A look at the life, work, activism and controversies of actress and fitness tycoon, Jane Fonda.","English, French",USA,Nominated for 1 Primetime Emmy. Another 1 win & 3 nominations.,https://m.media-amazon.com/images/M/MV5BMWI3ZGQ4MTItZDYwNy00M2M5LWE4YmQtZTA2ZjE0MWE2YTdlXkEyXkFqcGdeQXVyMjQ3NzUxOTM@._V1_SX300.jpg,"[{'Source': 'Internet Movie Database', 'Value': '8.0/10'}, {'Source': 'Rotten Tomatoes', 'Value': '97%'}, {'Source': 'Metacritic', 'Value': '87/100'}]",87,8.0,"1,802",tt7689958,movie,N/A,N/A,HBO Documentary Films,N/A,
51,False,Movie not found!,,,,,,,,,,,,,,,,,,,,,,,,,
52,False,Movie not found!,,,,,,,,,,,,,,,,,,,,,,,,,
53,True,,Body Heat: Interviews with Kathleen Turner and William Hurt,1981,N/A,N/A,13 min,Short,N/A,N/A,"William Hurt, Kathleen Turner",This short takes us on a flashback to 1981 with interviews from Hurt and Turner. You can plainly see that time has not been very friendly to Kathleen Turner.,English,USA,N/A,N/A,[],N/A,N/A,N/A,tt5206292,movie,N/A,N/A,N/A,N/A,
54,True,,Sigourney Weaver,2018,N/A,22 Jul 2018,9 min,"Short, Comedy, Romance, Thriller",Andrea Ngeleka,Andrea Ngeleka,"Jessica Goldson, Makha Mthembu, Victoria Ortiz","Serayah drugs and kidnaps her girlfriend Jody in order to save their relationship. Things get complicated when Serayah meets Leisha, the cashier Jody has been flirting with, and they bond over their love for Sigourney Weaver in Alien.",English,USA,N/A,https://m.media-amazon.com/images/M/MV5BNTFmNTc4YzQtNjU5ZS00NDAwLTkxOTktZjVkOGJjOTQwYjdiXkEyXkFqcGdeQXVyODk1NDkzMDU@._V1_SX300.jpg,[],N/A,N/A,N/A,tt8685496,movie,N/A,N/A,N/A,N/A,
55,True,,Cher,1975–1976,N/A,16 Feb 1975,60 min,"Comedy, Music",N/A,N/A,Cher,Cher's solo television variety show spinoff after the Sonny & Cher shows had concluded.,English,USA,Won 4 Primetime Emmys. Another 7 nominations.,https://m.media-amazon.com/images/M/MV5BMTMwMzQ2OTY5MF5BMl5BanBnXkFtZTcwNTE3MzA0MQ@@._V1_SX300.jpg,"[{'Source': 'Internet Movie Database', 'Value': '7.5/10'}]",N/A,7.5,162,tt0072485,series,,,,,2
56,True,,Premio Donostia a Glenn Close,2011,N/A,18 Sep 2011,25 min,N/A,N/A,N/A,"Imanol Arias, Glenn Close, Diego Galán, Rodrigo García",N/A,"Spanish, English, Basque",Spain,N/A,N/A,"[{'Source': 'Internet Movie Database', 'Value': '6.5/10'}]",N/A,6.5,21,tt2062623,movie,N/A,N/A,N/A,N/A,
57,False,Movie not found!,,,,,,,,,,,,,,,,,,,,,,,,,
58,False,Movie not found!,,,,,,,,,,,,,,,,,,,,,,,,,
59,True,,AFI Life Achievement Award: A Tribute to Meryl Streep,2004,N/A,21 Jun 2004,120 min,Biography,Louis J. Horvitz,Bob Gazzale,"Meryl Streep, Jim Carrey, Robert De Niro, Mike Nichols",Peers honor the actress for her contributions to movies.,English,USA,N/A,N/A,"[{'Source': 'Internet Movie Database', 'Value': '7.8/10'}]",N/A,7.8,215,tt0461644,movie,N/A,N/A,N/A,N/A,
60,True,,Premio Donostia a Glenn Close,2011,N/A,18 Sep 2011,25 min,N/A,N/A,N/A,"Imanol Arias, Glenn Close, Diego Galán, Rodrigo García",N/A,"Spanish, English, Basque",Spain,N/A,N/A,"[{'Source': 'Internet Movie Database', 'Value': '6.5/10'}]",N/A,6.5,21,tt2062623,movie,N/A,N/A,N/A,N/A,
61,True,,Jonathan Demme & Jodie Foster: Making 'The Silence of the Lambs',2005,N/A,30 Jan 2007,27 min,"Documentary, Short",Laurent Bouzereau,N/A,"Jonathan Demme, Jodie Foster",N/A,English,USA,N/A,https://m.media-amazon.com/images/M/MV5BN2ZhNjQ2ZDktOWNmNC00Y2UzLThmNjItNjg4ZjdmYjg1YmFhXkEyXkFqcGdeQXVyMjQ0NzE0MQ@@._V1_SX300.jpg,"[{'Source': 'Internet Movie Database', 'Value': '7.6/10'}]",N/A,7.6,26,tt0965506,movie,N/A,N/A,N/A,N/A,
62,False,Movie not found!,,,,,,,,,,,,,,,,,,,,,,,,,
63,True,,AFI Life Achievement Award: A Tribute to Meryl Streep,2004,N/A,21 Jun 2004,120 min,Biography,Louis J. Horvitz,Bob Gazzale,"Meryl Streep, Jim Carrey, Robert De Niro, Mike Nichols",Peers honor the actress for her contributions to movies.,English,USA,N/A,N/A,"[{'Source': 'Internet Movie Database', 'Value': '7.8/10'}]",N/A,7.8,215,tt0461644,movie,N/A,N/A,N/A,N/A,
64,True,,Sigourney Weaver,2018,N/A,22 Jul 2018,9 min,"Short, Comedy, Romance, Thriller",Andrea Ngeleka,Andrea Ngeleka,"Jessica Goldson, Makha Mthembu, Victoria Ortiz","Serayah drugs and kidnaps her girlfriend Jody in order to save their relationship. Things get complicated when Serayah meets Leisha, the cashier Jody has been flirting with, and they bond over their love for Sigourney Weaver in Alien.",English,USA,N/A,https://m.media-amazon.com/images/M/MV5BNTFmNTc4YzQtNjU5ZS00NDAwLTkxOTktZjVkOGJjOTQwYjdiXkEyXkFqcGdeQXVyODk1NDkzMDU@._V1_SX300.jpg,[],N/A,N/A,N/A,tt8685496,movie,N/A,N/A,N/A,N/A,
65,True,,"Isabelle Adjani, 2 ou 3 choses qu'on ne sait pas d'elle...",2013,N/A,05 May 2013,68 min,Documentary,Dalmat Frank,N/A,"Isabelle Adjani, Philippe Bouvard, Patrice Chéreau, Gérard Depardieu",N/A,French,France,N/A,N/A,[],N/A,N/A,N/A,tt2912774,movie,N/A,N/A,N/A,N/A,
66,False,Movie not found!,,,,,,,,,,,,,,,,,,,,,,,,,
67,True,,Premio Donostia a Jessica Lange,2002,N/A,25 Sep 2002,30 min,Family,N/A,N/A,"José Coronado, Jessica Lange",N/A,English,Spain,N/A,https://m.media-amazon.com/images/M/MV5BNmE3ZWM3ZmMtYmM0ZC00ZDk0LThjNzEtYjdjMjQ0MGU4NWNlXkEyXkFqcGdeQXVyMTA0MjU0Ng@@._V1_SX300.jpg,"[{'Source': 'Internet Movie Database', 'Value': '8.5/10'}]",N/A,8.5,23,tt0426176,movie,N/A,N/A,N/A,N/A,
68,False,Movie not found!,,,,,,,,,,,,,,,,,,,,,,,,,
69,True,,Jessica Tandy: Theatre Legend to Screen Star,2003,N/A,04 Feb 2003,7 min,"Documentary, Short",Jeffrey Lerner,N/A,"Jon Avnet, Frances Sternhagen, Alfred Uhry, Bruce Beresford",N/A,N/A,N/A,N/A,N/A,[],N/A,N/A,N/A,tt0967514,movie,N/A,N/A,N/A,N/A,
70,False,Movie not found!,,,,,,,,,,,,,,,,,,,,,,,,,
71,True,,Premio Donostia a Anjelica Huston,1999,N/A,01 Sep 1999,30 min,N/A,Manuel Palacios,N/A,"Anjelica Huston, Terenci Moix, Edurne Ormazábal",N/A,"Basque, English, Spanish",Spain,N/A,N/A,"[{'Source': 'Internet Movie Database', 'Value': '7.8/10'}]",N/A,7.8,25,tt0459935,movie,N/A,N/A,N/A,N/A,
72,True,,Julia Roberts: An American Cinematheque Tribute,2007,N/A,05 Dec 2007,60 min,Biography,Michael Dempsey,"Paul Flattery, David Wild","George Clooney, Sally Field, Richard Gere, Tom Hanks",N/A,English,USA,N/A,N/A,"[{'Source': 'Internet Movie Database', 'Value': '6.4/10'}]",N/A,6.4,22,tt1111353,movie,N/A,N/A,N/A,N/A,
73,True,,AFI Life Achievement Award: A Tribute to Meryl Streep,2004,N/A,21 Jun 2004,120 min,Biography,Louis J. Horvitz,Bob Gazzale,"Meryl Streep, Jim Carrey, Robert De Niro, Mike Nichols",Peers honor the actress for her contributions to movies.,English,USA,N/A,N/A,"[{'Source': 'Internet Movie Database', 'Value': '7.8/10'}]",N/A,7.8,215,tt0461644,movie,N/A,N/A,N/A,N/A,
74,True,,The Film Society Of Lincoln Center Annual Gala Tribute to Paul Newman and Joanne Woodward,1975,N/A,05 May 1975,N/A,Reality-TV,N/A,N/A,"Lauren Bacall, Martin Balsam, Abraham Beame, Joan Fontaine",N/A,English,USA,N/A,N/A,[],N/A,N/A,N/A,tt10763594,movie,N/A,N/A,N/A,N/A,
75,True,,The Geena Davis Show,2000–2001,N/A,10 Oct 2000,30 min,Comedy,N/A,Terri Minsky,"Geena Davis, Peter Horton, Mimi Rogers, Kim Coles","Sexy and sophisticated Manhattan party-planner Teddie Cochran starts dating writer Max Ryan. The two hit it off, and Teddie soon moves into Max's suburban home along with his two children, six-year-old Eliza and 13-year-old Carter.",English,USA,3 nominations.,https://m.media-amazon.com/images/M/MV5BN2JjMzMwYWYtYjkwNC00MmYzLWI2NWQtMmI4NWQ1NmVlMTc0XkEyXkFqcGdeQXVyNjExODE1MDc@._V1_SX300.jpg,"[{'Source': 'Internet Movie Database', 'Value': '5.2/10'}]",N/A,5.2,209,tt0247098,series,,,,,1
76,True,,I Was in a Film Starring Laura Dern,1995,N/A,13 Oct 2013,11 min,"Documentary, Short",Caveh Zahedi,Caveh Zahedi,Caveh Zahedi,Video diary shot during the making of CITIZEN RUTH.,English,USA,N/A,https://m.media-amazon.com/images/M/MV5BM2Q1ZmU0YWMtYjdmOS00ZGU5LWE5OTQtMDQ4MDI0ZDg0ZTE1XkEyXkFqcGdeQXVyNTM3MDMyMDQ@._V1_SX300.jpg,[],N/A,N/A,N/A,tt8026908,movie,N/A,N/A,N/A,N/A,
77,True,,Jonathan Demme & Jodie Foster: Making 'The Silence of the Lambs',2005,N/A,30 Jan 2007,27 min,"Documentary, Short",Laurent Bouzereau,N/A,"Jonathan Demme, Jodie Foster",N/A,English,USA,N/A,https://m.media-amazon.com/images/M/MV5BN2ZhNjQ2ZDktOWNmNC00Y2UzLThmNjItNjg4ZjdmYjg1YmFhXkEyXkFqcGdeQXVyMjQ0NzE0MQ@@._V1_SX300.jpg,"[{'Source': 'Internet Movie Database', 'Value': '7.6/10'}]",N/A,7.6,26,tt0965506,movie,N/A,N/A,N/A,N/A,
78,True,,Bette Midler in Concert: Diva Las Vegas,1997,N/A,N/A,125 min,"Documentary, Music",Marty Callner,"Madalyn Minch, Bruce Vilanch, Lon Weyland","Bette Midler, Bobby Lyle, Buzz Feiten, Danny Jacob",N/A,English,USA,Won 2 Primetime Emmys. Another 2 wins & 8 nominations.,https://m.media-amazon.com/images/M/MV5BMTI4NDMzODQ5Nl5BMl5BanBnXkFtZTcwNjQzMzAyMQ@@._V1_SX300.jpg,"[{'Source': 'Internet Movie Database', 'Value': '8.8/10'}]",N/A,8.8,208,tt0118703,movie,N/A,N/A,N/A,N/A,
79,True,,Premio Donostia a Susan Sarandon,1995,N/A,01 Sep 1995,30 min,N/A,Manuel Palacios,N/A,"Pilar Miró, Edurne Ormazábal, Susan Sarandon",N/A,N/A,N/A,N/A,N/A,"[{'Source': 'Internet Movie Database', 'Value': '8.6/10'}]",N/A,8.6,13,tt0459941,movie,N/A,N/A,N/A,N/A,
80,True,,"Catherine Deneuve, belle et bien là",2010,N/A,11 Apr 2010,86 min,"Documentary, Biography",Anne Andreu,N/A,"Catherine Deneuve, Gérard Depardieu, Arnaud Desplechin, Louis Gardel",N/A,French,France,N/A,N/A,"[{'Source': 'Internet Movie Database', 'Value': '6.7/10'}]",N/A,6.7,32,tt1623211,movie,N/A,N/A,N/A,N/A,
81,False,Movie not found!,,,,,,,,,,,,,,,,,,,,,,,,,
82,False,Movie not found!,,,,,,,,,,,,,,,,,,,,,,,,,
83,True,,Premio Donostia a Susan Sarandon,1995,N/A,01 Sep 1995,30 min,N/A,Manuel Palacios,N/A,"Pilar Miró, Edurne Ormazábal, Susan Sarandon",N/A,N/A,N/A,N/A,N/A,"[{'Source': 'Internet Movie Database', 'Value': '8.6/10'}]",N/A,8.6,13,tt0459941,movie,N/A,N/A,N/A,N/A,
84,True,,Emma Thompson: Up for Grabs,1985,N/A,28 Dec 1985,45 min,Comedy,John Kaye Cooper,Emma Thompson,"Mark Kingston, Phyllida Law, Daniel Massey, Stephen Moore",N/A,English,UK,N/A,N/A,"[{'Source': 'Internet Movie Database', 'Value': '7.2/10'}]",N/A,7.2,13,tt0927116,movie,N/A,N/A,N/A,N/A,
85,False,Movie not found!,,,,,,,,,,,,,,,,,,,,,,,,,
86,True,,Stockard Channing in Just Friends,1979–,N/A,04 Mar 1979,30 min,Comedy,N/A,"Eric Cohen, Nick Arnold","Stockard Channing, Gerrit Graham, Mimi Kennedy, Lou Criscuolo","After her marriage breaks up Susan Hughes leaves Boston for LA where her matchmaking sister Victoria lives. Susan gets a job at a spa run by the eccentric but fit Milt, with Coral a fellow ...",English,USA,N/A,https://m.media-amazon.com/images/M/MV5BMjZjZGU1NDMtMmZiMC00YjViLWI2YTItNTFhZGQ4MzVhN2EzL2ltYWdlXkEyXkFqcGdeQXVyMjcyMDU4NA@@._V1_SX300.jpg,"[{'Source': 'Internet Movie Database', 'Value': '8.1/10'}]",N/A,8.1,26,tt0078693,series,,,,,1
87,False,Movie not found!,,,,,,,,,,,,,,,,,,,,,,,,,
88,True,,Emma Thompson: Up for Grabs,1985,N/A,28 Dec 1985,45 min,Comedy,John Kaye Cooper,Emma Thompson,"Mark Kingston, Phyllida Law, Daniel Massey, Stephen Moore",N/A,English,UK,N/A,N/A,"[{'Source': 'Internet Movie Database', 'Value': '7.2/10'}]",N/A,7.2,13,tt0927116,movie,N/A,N/A,N/A,N/A,
89,True,,Searching for Debra Winger,2002,R,13 Jul 2002,99 min,Documentary,Rosanna Arquette,Rosanna Arquette (experiencer),"Patricia Arquette, Rosanna Arquette, Emmanuelle Béart, Katrin Cartlidge",Rosanna Arquette talks to various actresses about the pressures they face as women working in the entertainment industry.,English,USA,1 nomination.,https://m.media-amazon.com/images/M/MV5BMTM5MjQxODU3OF5BMl5BanBnXkFtZTcwNDk4MDUyMQ@@._V1_SX300.jpg,"[{'Source': 'Internet Movie Database', 'Value': '6.3/10'}, {'Source': 'Rotten Tomatoes', 'Value': '80%'}]",N/A,6.3,"1,085",tt0318049,movie,N/A,N/A,20th Century Fox,N/A,
90,True,,Jonathan Demme & Jodie Foster: Making 'The Silence of the Lambs',2005,N/A,30 Jan 2007,27 min,"Documentary, Short",Laurent Bouzereau,N/A,"Jonathan Demme, Jodie Foster",N/A,English,USA,N/A,https://m.media-amazon.com/images/M/MV5BN2ZhNjQ2ZDktOWNmNC00Y2UzLThmNjItNjg4ZjdmYjg1YmFhXkEyXkFqcGdeQXVyMjQ0NzE0MQ@@._V1_SX300.jpg,"[{'Source': 'Internet Movie Database', 'Value': '7.6/10'}]",N/A,7.6,26,tt0965506,movie,N/A,N/A,N/A,N/A,
91,True,,Premio Donostia a Jessica Lange,2002,N/A,25 Sep 2002,30 min,Family,N/A,N/A,"José Coronado, Jessica Lange",N/A,English,Spain,N/A,https://m.media-amazon.com/images/M/MV5BNmE3ZWM3ZmMtYmM0ZC00ZDk0LThjNzEtYjdjMjQ0MGU4NWNlXkEyXkFqcGdeQXVyMTA0MjU0Ng@@._V1_SX300.jpg,"[{'Source': 'Internet Movie Database', 'Value': '8.5/10'}]",N/A,8.5,23,tt0426176,movie,N/A,N/A,N/A,N/A,
92,False,Movie not found!,,,,,,,,,,,,,,,,,,,,,,,,,
93,True,,The Real Winona Ryder,2003,N/A,22 Apr 2003,50 min,Documentary,"Andrew Abbott, Russell Leven","Mark Kermode, Danny Carr","George Irving, Matt Bean, Jenn Berman, Lisa Ferguson","Biographical documentary about Winona Ryder, examining her early life, movie career, troubled private life and shoplifting scandal.",N/A,N/A,N/A,N/A,[],N/A,N/A,N/A,tt2186298,movie,N/A,N/A,N/A,N/A,
94,True,,Premio Donostia a Susan Sarandon,1995,N/A,01 Sep 1995,30 min,N/A,Manuel Palacios,N/A,"Pilar Miró, Edurne Ormazábal, Susan Sarandon",N/A,N/A,N/A,N/A,N/A,"[{'Source': 'Internet Movie Database', 'Value': '8.6/10'}]",N/A,8.6,13,tt0459941,movie,N/A,N/A,N/A,N/A,
95,True,,Premio Donostia a Susan Sarandon,1995,N/A,01 Sep 1995,30 min,N/A,Manuel Palacios,N/A,"Pilar Miró, Edurne Ormazábal, Susan Sarandon",N/A,N/A,N/A,N/A,N/A,"[{'Source': 'Internet Movie Database', 'Value': '8.6/10'}]",N/A,8.6,13,tt0459941,movie,N/A,N/A,N/A,N/A,
96,False,Movie not found!,,,,,,,,,,,,,,,,,,,,,,,,,
97,True,,Sharon Stone,2002,N/A,N/A,N/A,"Drama, Romance",Adim Williams,N/A,"Peter Bunor, Kunle Coker, Emeka Enyiocha, Genevieve Nnaji",N/A,English,Nigeria,N/A,N/A,[],N/A,N/A,N/A,tt0765228,movie,N/A,N/A,N/A,N/A,
98,True,,AFI Life Achievement Award: A Tribute to Meryl Streep,2004,N/A,21 Jun 2004,120 min,Biography,Louis J. Horvitz,Bob Gazzale,"Meryl Streep, Jim Carrey, Robert De Niro, Mike Nichols",Peers honor the actress for her contributions to movies.,English,USA,N/A,N/A,"[{'Source': 'Internet Movie Database', 'Value': '7.8/10'}]",N/A,7.8,215,tt0461644,movie,N/A,N/A,N/A,N/A,
99,True,,Emma Thompson: Up for Grabs,1985,N/A,28 Dec 1985,45 min,Comedy,John Kaye Cooper,Emma Thompson,"Mark Kingston, Phyllida Law, Daniel Massey, Stephen Moore",N/A,English,UK,N/A,N/A,"[{'Source': 'Internet Movie Database', 'Value': '7.2/10'}]",N/A,7.2,13,tt0927116,movie,N/A,N/A,N/A,N/A,
100,False,Movie not found!,,,,,,,,,,,,,,,,,,,,,,,,,
101,True,,AFI Life Achievement Award: A Tribute to Diane Keaton,2017,N/A,15 Jun 2017,106 min,N/A,Louis J. Horvitz,"Bob Gazzale, Jon Macks","Diane Keaton, Steve Martin, Martin Short, Reese Witherspoon",Actress Diane Keaton is honored with the 45th AFI Life Achievement Award in a ceremony at the Dolby Theatre in Hollywood.,N/A,USA,N/A,https://m.media-amazon.com/images/M/MV5BOWRkOGM1ZmUtYWFiOS00ZWEyLTk3Y2ItZjNhNTQ2NDZjMzgzXkEyXkFqcGdeQXVyMTYzMTY1MjQ@._V1_SX300.jpg,"[{'Source': 'Internet Movie Database', 'Value': '7.3/10'}]",N/A,7.3,20,tt7083600,movie,N/A,N/A,N/A,N/A,
102,True,,Frances McDormand on Blood Simple,2016,N/A,20 Sep 2016,N/A,"Documentary, Short",N/A,N/A,N/A,N/A,English,USA,N/A,https://ia.media-imdb.com/images/M/MV5BNGRhOGU0MWEtODBlOS00MWRjLWFhNjAtM2RjMDY0MmUwNGNkXkEyXkFqcGdeQXVyNjgwNjk1NjY@._V1_SX300.jpg,[],N/A,N/A,N/A,tt5943618,movie,N/A,N/A,N/A,N/A,
103,False,Movie not found!,,,,,,,,,,,,,,,,,,,,,,,,,
104,True,,Premio Donostia a Emily Watson,2015,N/A,25 Sep 2015,15 min,N/A,"Patxi Barko, José María Sánchez-Chiquito Morón","Patxi Barko, Carlos Zabala","Edurne Ormazábal, José Luis Rebordinos, Emily Watson",N/A,"Spanish, English, Basque",Spain,N/A,N/A,[],N/A,N/A,N/A,tt5112192,movie,N/A,N/A,N/A,N/A,
105,False,Movie not found!,,,,,,,,,,,,,,,,,,,,,,,,,
106,False,Movie not found!,,,,,,,,,,,,,,,,,,,,,,,,,
107,True,,Judi Dench: A BAFTA Tribute,2002,N/A,12 Jan 2002,70 min,Documentary,Stuart McDonald,N/A,"Judi Dench, Stephen Fry, Richard Attenborough, Juliette Binoche",Friends and colleagues pay tribute to Dame Judi Dench as she is awarded the Fellowship of the British Academy of Film and Television Arts.,English,UK,N/A,N/A,"[{'Source': 'Internet Movie Database', 'Value': '7.2/10'}]",N/A,7.2,60,tt0306839,movie,N/A,N/A,N/A,N/A,
108,False,Movie not found!,,,,,,,,,,,,,,,,,,,,,,,,,
109,True,,Kate Winslet: What If Christmas Carol the Movie,2001,N/A,14 Sep 2001,N/A,"Short, Music",Paul Donnellon,N/A,Kate Winslet,N/A,N/A,UK,N/A,https://m.media-amazon.com/images/M/MV5BZGE4ZmNjNDQtYmE2My00MTg3LTg3NDEtZTA2MzhhMTk2MDlmXkEyXkFqcGdeQXVyNTgzNDU0ODY@._V1_SX300.jpg,"[{'Source': 'Internet Movie Database', 'Value': '8.9/10'}]",N/A,8.9,12,tt5617492,movie,N/A,N/A,N/A,N/A,
110,True,,My Nan the Next Cate Blanchett,2009,N/A,01 Apr 2009,6 min,"Short, Comedy, Drama",Tresa Ponnor,Tresa Ponnor,"Loani Arman, Sally Atkins, Justin Jarret, Jan Langford Penny",Charlie lives with the only family he has - his nan. The trouble is Nan loves Cate Blanchett so much that she sometimes dresses up as her.,English,Australia,N/A,N/A,[],N/A,N/A,N/A,tt2170529,movie,N/A,N/A,N/A,N/A,
111,True,,Dona Oldina - A Fernanda Montenegro Trash,2011,N/A,25 Nov 2011,35 min,"Documentary, Short, Comedy",Felipe M. Guerra,Felipe M. Guerra,"Oldina Cerutti Do Monte, Eliseu Demari, Rodrigo Guerra, Felipe M. Guerra","The incredible true story of Mrs. Oldina Do Monte, a 80 years old grandma who acts in trash movies produced by her grandson.",Portuguese,Brazil,N/A,N/A,[],N/A,N/A,N/A,tt2770352,movie,N/A,N/A,N/A,N/A,
112,True,,E! Special: Gwyneth Paltrow,2010,N/A,21 Dec 2010,N/A,Biography,N/A,N/A,N/A,N/A,English,USA,N/A,N/A,[],N/A,N/A,N/A,tt1813276,movie,N/A,N/A,N/A,N/A,
113,True,,AFI Life Achievement Award: A Tribute to Meryl Streep,2004,N/A,21 Jun 2004,120 min,Biography,Louis J. Horvitz,Bob Gazzale,"Meryl Streep, Jim Carrey, Robert De Niro, Mike Nichols",Peers honor the actress for her contributions to movies.,English,USA,N/A,N/A,"[{'Source': 'Internet Movie Database', 'Value': '7.8/10'}]",N/A,7.8,215,tt0461644,movie,N/A,N/A,N/A,N/A,
114,True,,Premio Donostia a Emily Watson,2015,N/A,25 Sep 2015,15 min,N/A,"Patxi Barko, José María Sánchez-Chiquito Morón","Patxi Barko, Carlos Zabala","Edurne Ormazábal, José Luis Rebordinos, Emily Watson",N/A,"Spanish, English, Basque",Spain,N/A,N/A,[],N/A,N/A,N/A,tt5112192,movie,N/A,N/A,N/A,N/A,
115,True,,Premio Donostia a Annette Bening,2004,N/A,01 Sep 2004,30 min,N/A,Manuel Palacios,N/A,"Imanol Arias, Annette Bening, Edurne Ormazábal",N/A,"Basque, English, Spanish",Spain,N/A,N/A,"[{'Source': 'Internet Movie Database', 'Value': '7.3/10'}]",N/A,7.3,25,tt0459936,movie,N/A,N/A,N/A,N/A,
116,False,Movie not found!,,,,,,,,,,,,,,,,,,,,,,,,,
117,True,,A Filmmaker's Experience with Julianne Moore and Todd Haynes,2003,N/A,N/A,5 min,"Documentary, Short",N/A,N/A,"Todd Haynes, Julianne Moore",N/A,N/A,N/A,N/A,N/A,"[{'Source': 'Internet Movie Database', 'Value': '6.0/10'}]",N/A,6.0,10,tt0442772,movie,N/A,N/A,N/A,N/A,
118,True,,AFI Life Achievement Award: A Tribute to Meryl Streep,2004,N/A,21 Jun 2004,120 min,Biography,Louis J. Horvitz,Bob Gazzale,"Meryl Streep, Jim Carrey, Robert De Niro, Mike Nichols",Peers honor the actress for her contributions to movies.,English,USA,N/A,N/A,"[{'Source': 'Internet Movie Database', 'Value': '7.8/10'}]",N/A,7.8,215,tt0461644,movie,N/A,N/A,N/A,N/A,
119,False,Movie not found!,,,,,,,,,,,,,,,,,,,,,,,,,
120,True,,Manhunter: Courting a Killer - An Interview with Joan Allen,2016,N/A,24 May 2016,16 min,"Documentary, Short",N/A,N/A,Joan Allen,An interview with Joan Allen about the making of Manhunter (1986),English,USA,N/A,N/A,[],N/A,N/A,N/A,tt5776336,movie,N/A,N/A,N/A,N/A,
121,True,,Juliette Binoche: Sketches for a Portrait,2009,N/A,08 Nov 2009,52 min,"Documentary, Biography",Marion Stalens,N/A,Juliette Binoche,N/A,French,France,N/A,N/A,"[{'Source': 'Internet Movie Database', 'Value': '6.8/10'}]",N/A,6.8,28,tt1542674,movie,N/A,N/A,N/A,N/A,
122,True,,The Ellen Burstyn Show,1986–1987,N/A,20 Sep 1986,30 min,Comedy,N/A,David Frankel,"Ellen Burstyn, Megan Mullally, Jesse R. Tendler, Barry Sobel","Ellen Brewer, a best-selling author, shares her Baltimore house with single daughter Molly Ross, plus five year old grandson Nick. Added to the mix, is Ellen's sarcastic mother Sydney, and her seminar student Tom, a frequent guest.",English,USA,1 nomination.,https://m.media-amazon.com/images/M/MV5BZjU5NWIwMTUtZTFlYS00YjQ1LTg1YzAtNGVmOTI4ZjU5NTYyXkEyXkFqcGdeQXVyMTQ3Njg3MQ@@._V1_SX300.jpg,"[{'Source': 'Internet Movie Database', 'Value': '8.2/10'}]",N/A,8.2,43,tt0090425,series,,,,,1
123,True,,Downton Abbey: Laura Linney and PBS Sued by Janie Haddad Tompkins,2013,N/A,07 Jan 2013,N/A,"Short, Comedy",Janie Haddad Tompkins,Janie Haddad Tompkins,"Patton Oswalt, Joel Spence, Janie Haddad Tompkins, Paul F. Tompkins",N/A,English,USA,N/A,N/A,"[{'Source': 'Internet Movie Database', 'Value': '4.8/10'}]",N/A,4.8,15,tt3231092,movie,N/A,N/A,N/A,N/A,
124,True,,Julia Roberts: An American Cinematheque Tribute,2007,N/A,05 Dec 2007,60 min,Biography,Michael Dempsey,"Paul Flattery, David Wild","George Clooney, Sally Field, Richard Gere, Tom Hanks",N/A,English,USA,N/A,N/A,"[{'Source': 'Internet Movie Database', 'Value': '6.4/10'}]",N/A,6.4,22,tt1111353,movie,N/A,N/A,N/A,N/A,
125,True,,Headliners & Legends: Halle Berry,2001,N/A,30 Jul 2001,60 min,"Documentary, Biography",N/A,N/A,"Flo Anthony, Halle Berry, Kim Coles, Martha Coolidge",N/A,English,USA,N/A,N/A,"[{'Source': 'Internet Movie Database', 'Value': '4.6/10'}]",N/A,4.6,7,tt0439195,movie,N/A,N/A,N/A,N/A,
126,True,,Judi Dench: A BAFTA Tribute,2002,N/A,12 Jan 2002,70 min,Documentary,Stuart McDonald,N/A,"Judi Dench, Stephen Fry, Richard Attenborough, Juliette Binoche",Friends and colleagues pay tribute to Dame Judi Dench as she is awarded the Fellowship of the British Academy of Film and Television Arts.,English,UK,N/A,N/A,"[{'Source': 'Internet Movie Database', 'Value': '7.2/10'}]",N/A,7.2,60,tt0306839,movie,N/A,N/A,N/A,N/A,
127,True,,Kathy Griffin Is... Not Nicole Kidman,2005,TV-14,03 Aug 2005,60 min,"Documentary, Comedy",Keith Truesdell,Kathy Griffin,Kathy Griffin,"Comedienne Kathy Griffin talks about Clay Aiken, Oprah Winfrey, Barbra Streisand, Ryan Seacrest and more.",English,USA,N/A,https://m.media-amazon.com/images/M/MV5BMTY1MTU1Mjg5OV5BMl5BanBnXkFtZTgwMDc2MDA2MDE@._V1_SX300.jpg,"[{'Source': 'Internet Movie Database', 'Value': '7.4/10'}]",N/A,7.4,196,tt0475315,movie,N/A,N/A,N/A,N/A,
128,False,Movie not found!,,,,,,,,,,,,,,,,,,,,,,,,,
129,True,,Job Interview with Renee Zellweger,2012,N/A,01 Aug 2012,N/A,"Short, Comedy",George Nolfi,Laura Chinn,"Abby Chapman, Tate Chapman, Laura Chinn, Renée Zellweger",N/A,English,USA,N/A,N/A,"[{'Source': 'Internet Movie Database', 'Value': '5.0/10'}]",N/A,5.0,11,tt2366120,movie,N/A,N/A,N/A,N/A,
130,False,Movie not found!,,,,,,,,,,,,,,,,,,,,,,,,,
131,True,,Kathy Griffin Is... Not Nicole Kidman,2005,TV-14,03 Aug 2005,60 min,"Documentary, Comedy",Keith Truesdell,Kathy Griffin,Kathy Griffin,"Comedienne Kathy Griffin talks about Clay Aiken, Oprah Winfrey, Barbra Streisand, Ryan Seacrest and more.",English,USA,N/A,https://m.media-amazon.com/images/M/MV5BMTY1MTU1Mjg5OV5BMl5BanBnXkFtZTgwMDc2MDA2MDE@._V1_SX300.jpg,"[{'Source': 'Internet Movie Database', 'Value': '7.4/10'}]",N/A,7.4,196,tt0475315,movie,N/A,N/A,N/A,N/A,
132,True,,Remembering Romance with Diane Lane,2003,N/A,07 Jan 2003,N/A,Short,N/A,N/A,Diane Lane,N/A,N/A,N/A,N/A,N/A,[],N/A,N/A,N/A,tt2036430,movie,N/A,N/A,N/A,N/A,
133,True,,A Filmmaker's Experience with Julianne Moore and Todd Haynes,2003,N/A,N/A,5 min,"Documentary, Short",N/A,N/A,"Todd Haynes, Julianne Moore",N/A,N/A,N/A,N/A,N/A,"[{'Source': 'Internet Movie Database', 'Value': '6.0/10'}]",N/A,6.0,10,tt0442772,movie,N/A,N/A,N/A,N/A,
134,True,,Job Interview with Renee Zellweger,2012,N/A,01 Aug 2012,N/A,"Short, Comedy",George Nolfi,Laura Chinn,"Abby Chapman, Tate Chapman, Laura Chinn, Renée Zellweger",N/A,English,USA,N/A,N/A,"[{'Source': 'Internet Movie Database', 'Value': '5.0/10'}]",N/A,5.0,11,tt2366120,movie,N/A,N/A,N/A,N/A,
135,False,Movie not found!,,,,,,,,,,,,,,,,,,,,,,,,,
136,True,,AFI Life Achievement Award: A Tribute to Diane Keaton,2017,N/A,15 Jun 2017,106 min,N/A,Louis J. Horvitz,"Bob Gazzale, Jon Macks","Diane Keaton, Steve Martin, Martin Short, Reese Witherspoon",Actress Diane Keaton is honored with the 45th AFI Life Achievement Award in a ceremony at the Dolby Theatre in Hollywood.,N/A,USA,N/A,https://m.media-amazon.com/images/M/MV5BOWRkOGM1ZmUtYWFiOS00ZWEyLTk3Y2ItZjNhNTQ2NDZjMzgzXkEyXkFqcGdeQXVyMTYzMTY1MjQ@._V1_SX300.jpg,"[{'Source': 'Internet Movie Database', 'Value': '7.3/10'}]",N/A,7.3,20,tt7083600,movie,N/A,N/A,N/A,N/A,
137,False,Movie not found!,,,,,,,,,,,,,,,,,,,,,,,,,
138,True,,"Fairway to Heaven VII Celebrity Golf Tournament: Will Smith, Damon Wayans, Charlize Theron, Ozzy Osborne",2002,N/A,N/A,N/A,Sport,N/A,N/A,N/A,N/A,English,USA,N/A,N/A,[],N/A,N/A,N/A,tt4955398,movie,N/A,N/A,N/A,N/A,
139,False,Movie not found!,,,,,,,,,,,,,,,,,,,,,,,,,
140,True,,Premio Donostia a Annette Bening,2004,N/A,01 Sep 2004,30 min,N/A,Manuel Palacios,N/A,"Imanol Arias, Annette Bening, Edurne Ormazábal",N/A,"Basque, English, Spanish",Spain,N/A,N/A,"[{'Source': 'Internet Movie Database', 'Value': '7.3/10'}]",N/A,7.3,25,tt0459936,movie,N/A,N/A,N/A,N/A,
141,False,Movie not found!,,,,,,,,,,,,,,,,,,,,,,,,,
142,False,Movie not found!,,,,,,,,,,,,,,,,,,,,,,,,,
143,False,Movie not found!,,,,,,,,,,,,,,,,,,,,,,,,,
144,True,,Kate Winslet: What If Christmas Carol the Movie,2001,N/A,14 Sep 2001,N/A,"Short, Music",Paul Donnellon,N/A,Kate Winslet,N/A,N/A,UK,N/A,https://m.media-amazon.com/images/M/MV5BZGE4ZmNjNDQtYmE2My00MTg3LTg3NDEtZTA2MzhhMTk2MDlmXkEyXkFqcGdeQXVyNTgzNDU0ODY@._V1_SX300.jpg,"[{'Source': 'Internet Movie Database', 'Value': '8.9/10'}]",N/A,8.9,12,tt5617492,movie,N/A,N/A,N/A,N/A,
145,True,,Judi Dench: A BAFTA Tribute,2002,N/A,12 Jan 2002,70 min,Documentary,Stuart McDonald,N/A,"Judi Dench, Stephen Fry, Richard Attenborough, Juliette Binoche",Friends and colleagues pay tribute to Dame Judi Dench as she is awarded the Fellowship of the British Academy of Film and Television Arts.,English,UK,N/A,N/A,"[{'Source': 'Internet Movie Database', 'Value': '7.2/10'}]",N/A,7.2,60,tt0306839,movie,N/A,N/A,N/A,N/A,
146,False,Movie not found!,,,,,,,,,,,,,,,,,,,,,,,,,
147,True,,Keira Knightley: Becoming Anna,2013,N/A,19 Feb 2013,N/A,"Documentary, Short",N/A,Mark Panik,"Tim Bevan, Michelle Dockery, Keira Knightley, Kelly Macdonald",N/A,English,UK,N/A,https://m.media-amazon.com/images/M/MV5BNjA2N2JhNzQtNGEzMS00NjQ1LWJlOGQtYTVmNjg2NzYxMTQwXkEyXkFqcGdeQXVyMTExODYyNA@@._V1_SX300.jpg,"[{'Source': 'Internet Movie Database', 'Value': '6.6/10'}]",N/A,6.6,5,tt2673692,movie,N/A,N/A,N/A,N/A,
148,True,,"Fairway to Heaven VII Celebrity Golf Tournament: Will Smith, Damon Wayans, Charlize Theron, Ozzy Osborne",2002,N/A,N/A,N/A,Sport,N/A,N/A,N/A,N/A,English,USA,N/A,N/A,[],N/A,N/A,N/A,tt4955398,movie,N/A,N/A,N/A,N/A,
149,True,,Reese Witherspoon: Hollywood's Golden Girl,2005,N/A,01 Nov 2005,N/A,Biography,N/A,Ed Singer,"Chip Bolcik, Reese Witherspoon",N/A,English,UK,N/A,N/A,"[{'Source': 'Internet Movie Database', 'Value': '8.7/10'}]",N/A,8.7,13,tt0803766,movie,N/A,N/A,N/A,N/A,
150,False,Movie not found!,,,,,,,,,,,,,,,,,,,,,,,,,
151,True,,Judi Dench: A BAFTA Tribute,2002,N/A,12 Jan 2002,70 min,Documentary,Stuart McDonald,N/A,"Judi Dench, Stephen Fry, Richard Attenborough, Juliette Binoche",Friends and colleagues pay tribute to Dame Judi Dench as she is awarded the Fellowship of the British Academy of Film and Television Arts.,English,UK,N/A,N/A,"[{'Source': 'Internet Movie Database', 'Value': '7.2/10'}]",N/A,7.2,60,tt0306839,movie,N/A,N/A,N/A,N/A,
152,True,,Helen Mirren a Conversation with Cora,2009,N/A,06 Jan 2009,12 min,"Documentary, Short, Biography",N/A,N/A,"Helen Mirren, James Mason, Michael Powell, Neva Carr-Glynn",N/A,English,USA,N/A,N/A,[],N/A,N/A,N/A,tt3898232,movie,N/A,N/A,N/A,N/A,
153,True,,AFI Life Achievement Award: A Tribute to Meryl Streep,2004,N/A,21 Jun 2004,120 min,Biography,Louis J. Horvitz,Bob Gazzale,"Meryl Streep, Jim Carrey, Robert De Niro, Mike Nichols",Peers honor the actress for her contributions to movies.,English,USA,N/A,N/A,"[{'Source': 'Internet Movie Database', 'Value': '7.8/10'}]",N/A,7.8,215,tt0461644,movie,N/A,N/A,N/A,N/A,
154,True,,Kate Winslet: What If Christmas Carol the Movie,2001,N/A,14 Sep 2001,N/A,"Short, Music",Paul Donnellon,N/A,Kate Winslet,N/A,N/A,UK,N/A,https://m.media-amazon.com/images/M/MV5BZGE4ZmNjNDQtYmE2My00MTg3LTg3NDEtZTA2MzhhMTk2MDlmXkEyXkFqcGdeQXVyNTgzNDU0ODY@._V1_SX300.jpg,"[{'Source': 'Internet Movie Database', 'Value': '8.9/10'}]",N/A,8.9,12,tt5617492,movie,N/A,N/A,N/A,N/A,
155,True,,My Nan the Next Cate Blanchett,2009,N/A,01 Apr 2009,6 min,"Short, Comedy, Drama",Tresa Ponnor,Tresa Ponnor,"Loani Arman, Sally Atkins, Justin Jarret, Jan Langford Penny",Charlie lives with the only family he has - his nan. The trouble is Nan loves Cate Blanchett so much that she sometimes dresses up as her.,English,Australia,N/A,N/A,[],N/A,N/A,N/A,tt2170529,movie,N/A,N/A,N/A,N/A,
156,False,Movie not found!,,,,,,,,,,,,,,,,,,,,,,,,,
157,True,,"Marion Cotillard and Fabrizio Rognone on Two Days, One Night",2015,N/A,12 Mar 2015,N/A,"Documentary, Short",N/A,N/A,"Marion Cotillard, Fabrizio Rongione",In French with English subtitles.,English,USA,N/A,https://m.media-amazon.com/images/M/MV5BNTQxMWI4YmEtYmQ5NC00YWIzLTgyNWItNzA2ZjExYzlmYjhlXkEyXkFqcGdeQXVyNjgwNjk1NjY@._V1_SX300.jpg,[],N/A,N/A,N/A,tt5919196,movie,N/A,N/A,N/A,N/A,
158,True,,Downton Abbey: Laura Linney and PBS Sued by Janie Haddad Tompkins,2013,N/A,07 Jan 2013,N/A,"Short, Comedy",Janie Haddad Tompkins,Janie Haddad Tompkins,"Patton Oswalt, Joel Spence, Janie Haddad Tompkins, Paul F. Tompkins",N/A,English,USA,N/A,N/A,"[{'Source': 'Internet Movie Database', 'Value': '4.8/10'}]",N/A,4.8,15,tt3231092,movie,N/A,N/A,N/A,N/A,
159,True,,The Best of Ellen Page,2010,N/A,26 Aug 2010,N/A,N/A,Elsa Maria Oliveira,Elsa Maria Oliveira,N/A,N/A,English,Portugal,N/A,N/A,[],N/A,N/A,N/A,tt6223864,movie,N/A,N/A,N/A,N/A,
160,True,,"Experiencing Interstellar: A Discussion with Anne Hathaway, Mathew McConaughey, and Jessica Chastain",2015,N/A,31 Mar 2015,6 min,Short,N/A,N/A,"Jessica Chastain, Anne Hathaway, Matthew McConaughey","A Discussion with Anne Hathaway, Mathew McConaughey, and Jessica Chastain",English,USA,N/A,N/A,[],N/A,N/A,N/A,tt5297420,movie,N/A,N/A,N/A,N/A,
161,True,,Partners in Crime: Clint Eastwood and Angelina Jolie,2009,N/A,17 Feb 2009,14 min,"Documentary, Short",N/A,N/A,"J. Michael Straczynski, Brian Grazer, Clint Eastwood, Angelina Jolie",N/A,English,USA,N/A,N/A,"[{'Source': 'Internet Movie Database', 'Value': '6.4/10'}]",N/A,6.4,29,tt1391479,movie,N/A,N/A,N/A,N/A,
162,True,,Behind the Scenes with Melissa Leo,2011–,N/A,06 Mar 2011,6 min,Reality-TV,N/A,N/A,"Amy Adams, Christian Bale, Brad Grey, Jake Gyllenhaal",N/A,English,USA,N/A,N/A,[],N/A,N/A,N/A,tt5372256,series,,,,,1
163,True,,AFI Life Achievement Award: A Tribute to Meryl Streep,2004,N/A,21 Jun 2004,120 min,Biography,Louis J. Horvitz,Bob Gazzale,"Meryl Streep, Jim Carrey, Robert De Niro, Mike Nichols",Peers honor the actress for her contributions to movies.,English,USA,N/A,N/A,"[{'Source': 'Internet Movie Database', 'Value': '7.8/10'}]",N/A,7.8,215,tt0461644,movie,N/A,N/A,N/A,N/A,
164,True,,Kate Winslet: What If Christmas Carol the Movie,2001,N/A,14 Sep 2001,N/A,"Short, Music",Paul Donnellon,N/A,Kate Winslet,N/A,N/A,UK,N/A,https://m.media-amazon.com/images/M/MV5BZGE4ZmNjNDQtYmE2My00MTg3LTg3NDEtZTA2MzhhMTk2MDlmXkEyXkFqcGdeQXVyNTgzNDU0ODY@._V1_SX300.jpg,"[{'Source': 'Internet Movie Database', 'Value': '8.9/10'}]",N/A,8.9,12,tt5617492,movie,N/A,N/A,N/A,N/A,
165,True,,Sandra Bullock - Hollywoodstar aus Nürnberg,2014,N/A,14 Aug 2014,92 min,Biography,N/A,N/A,Sandra Bullock,N/A,German,Germany,N/A,https://m.media-amazon.com/images/M/MV5BZDA3MWUxMDItNDc2Zi00MGIxLTg3MjMtYzU4MWE1ODE5OTZlXkEyXkFqcGdeQXVyMjM0MzAyNTU@._V1_SX300.jpg,[],N/A,N/A,N/A,tt9691484,movie,N/A,N/A,N/A,N/A,
166,True,,Helen Mirren a Conversation with Cora,2009,N/A,06 Jan 2009,12 min,"Documentary, Short, Biography",N/A,N/A,"Helen Mirren, James Mason, Michael Powell, Neva Carr-Glynn",N/A,English,USA,N/A,N/A,[],N/A,N/A,N/A,tt3898232,movie,N/A,N/A,N/A,N/A,
167,False,Movie not found!,,,,,,,,,,,,,,,,,,,,,,,,,
168,False,Movie not found!,,,,,,,,,,,,,,,,,,,,,,,,,
169,True,,AFI Life Achievement Award: A Tribute to Meryl Streep,2004,N/A,21 Jun 2004,120 min,Biography,Louis J. Horvitz,Bob Gazzale,"Meryl Streep, Jim Carrey, Robert De Niro, Mike Nichols",Peers honor the actress for her contributions to movies.,English,USA,N/A,N/A,"[{'Source': 'Internet Movie Database', 'Value': '7.8/10'}]",N/A,7.8,215,tt0461644,movie,N/A,N/A,N/A,N/A,
170,True,,Premio Donostia a Annette Bening,2004,N/A,01 Sep 2004,30 min,N/A,Manuel Palacios,N/A,"Imanol Arias, Annette Bening, Edurne Ormazábal",N/A,"Basque, English, Spanish",Spain,N/A,N/A,"[{'Source': 'Internet Movie Database', 'Value': '7.3/10'}]",N/A,7.3,25,tt0459936,movie,N/A,N/A,N/A,N/A,
171,True,,Kathy Griffin Is... Not Nicole Kidman,2005,TV-14,03 Aug 2005,60 min,"Documentary, Comedy",Keith Truesdell,Kathy Griffin,Kathy Griffin,"Comedienne Kathy Griffin talks about Clay Aiken, Oprah Winfrey, Barbra Streisand, Ryan Seacrest and more.",English,USA,N/A,https://m.media-amazon.com/images/M/MV5BMTY1MTU1Mjg5OV5BMl5BanBnXkFtZTgwMDc2MDA2MDE@._V1_SX300.jpg,"[{'Source': 'Internet Movie Database', 'Value': '7.4/10'}]",N/A,7.4,196,tt0475315,movie,N/A,N/A,N/A,N/A,
172,True,,Jennifer Lawrence Is Coming,2013,N/A,15 Jul 2013,4 min,"Short, Comedy",Justin Dec,Justin Dec,"Clancy McLain, Taylor Anthony Miller, Denver Milord","Two eager roommates wait for an old friend to drop by their home for dinner. It just so happens that friend is Oscar-winning actress Jennifer Lawrence and when it comes to blowing people off, she gives them the performance of a lifetime.",English,USA,3 nominations.,https://m.media-amazon.com/images/M/MV5BMjI4NDQ5NzEyNV5BMl5BanBnXkFtZTgwMzQ1MDE1MjE@._V1_SX300.jpg,"[{'Source': 'Internet Movie Database', 'Value': '5.1/10'}]",N/A,5.1,58,tt3058754,movie,N/A,N/A,N/A,N/A,
173,True,,Natalie Portman,2013,N/A,N/A,15 min,"Short, Comedy",Pablo Secca,"Pablo Secca (story), Pablo Secca","Stephanie Charles, Jason O'neil Hudson, Adam Thayer, Jermaine L. Williams","Two guy drive around, get lost, find a girl passed out on a bench. Turns out, she's not just anyone. Turns out, she's packing heat.",English,USA,N/A,N/A,[],N/A,N/A,N/A,tt3810108,movie,N/A,N/A,N/A,N/A,
174,False,Movie not found!,,,,,,,,,,,,,,,,,,,,,,,,,
175,True,,Premio Donostia a Glenn Close,2011,N/A,18 Sep 2011,25 min,N/A,N/A,N/A,"Imanol Arias, Glenn Close, Diego Galán, Rodrigo García",N/A,"Spanish, English, Basque",Spain,N/A,N/A,"[{'Source': 'Internet Movie Database', 'Value': '6.5/10'}]",N/A,6.5,21,tt2062623,movie,N/A,N/A,N/A,N/A,
176,True,,Untitled Viola Davis/Dee Rees HBO Project,2013–,N/A,N/A,N/A,Drama,N/A,N/A,N/A,The plot is rumored to center around the corruption of a city as seen through the eyes of the headmaster of an exclusive prep school who yearns for much bigger things.,N/A,USA,N/A,N/A,[],N/A,N/A,N/A,tt2556870,series,,,,,N/A
177,False,Movie not found!,,,,,,,,,,,,,,,,,,,,,,,,,
178,True,,AFI Life Achievement Award: A Tribute to Meryl Streep,2004,N/A,21 Jun 2004,120 min,Biography,Louis J. Horvitz,Bob Gazzale,"Meryl Streep, Jim Carrey, Robert De Niro, Mike Nichols",Peers honor the actress for her contributions to movies.,English,USA,N/A,N/A,"[{'Source': 'Internet Movie Database', 'Value': '7.8/10'}]",N/A,7.8,215,tt0461644,movie,N/A,N/A,N/A,N/A,
179,False,Movie not found!,,,,,,,,,,,,,,,,,,,,,,,,,
180,True,,"Creating Interstellar: A Discussion with Christopher Nolan, Anne Hathaway, Mathew McConaughey, and Jessica Chastain",2015,N/A,31 Mar 2015,14 min,Short,N/A,N/A,"Jessica Chastain, Anne Hathaway, Matthew McConaughey, Christopher Nolan","A Discussion with Christopher Nolan, Anne Hathaway, Mathew McConaughey, and Jessica Chastain",English,USA,N/A,N/A,[],N/A,N/A,N/A,tt5297444,movie,N/A,N/A,N/A,N/A,
181,True,,Jennifer Lawrence Is Coming,2013,N/A,15 Jul 2013,4 min,"Short, Comedy",Justin Dec,Justin Dec,"Clancy McLain, Taylor Anthony Miller, Denver Milord","Two eager roommates wait for an old friend to drop by their home for dinner. It just so happens that friend is Oscar-winning actress Jennifer Lawrence and when it comes to blowing people off, she gives them the performance of a lifetime.",English,USA,3 nominations.,https://m.media-amazon.com/images/M/MV5BMjI4NDQ5NzEyNV5BMl5BanBnXkFtZTgwMzQ1MDE1MjE@._V1_SX300.jpg,"[{'Source': 'Internet Movie Database', 'Value': '5.1/10'}]",N/A,5.1,58,tt3058754,movie,N/A,N/A,N/A,N/A,
182,False,Movie not found!,,,,,,,,,,,,,,,,,,,,,,,,,
183,False,Movie not found!,,,,,,,,,,,,,,,,,,,,,,,,,
184,False,Movie not found!,,,,,,,,,,,,,,,,,,,,,,,,,
185,True,,Amy Adams: An American Cinematheque Tribute,2017,N/A,10 Nov 2017,N/A,N/A,Leslie Wilson,"Paul Flattery, David Wild","Amy Adams, Jake Gyllenhaal, Tom Hanks, Chris Messina",N/A,English,USA,N/A,N/A,[],N/A,N/A,N/A,tt7536514,movie,N/A,N/A,N/A,N/A,
186,True,,My Nan the Next Cate Blanchett,2009,N/A,01 Apr 2009,6 min,"Short, Comedy, Drama",Tresa Ponnor,Tresa Ponnor,"Loani Arman, Sally Atkins, Justin Jarret, Jan Langford Penny",Charlie lives with the only family he has - his nan. The trouble is Nan loves Cate Blanchett so much that she sometimes dresses up as her.,English,Australia,N/A,N/A,[],N/A,N/A,N/A,tt2170529,movie,N/A,N/A,N/A,N/A,
187,True,,Sandra Bullock - Hollywoodstar aus Nürnberg,2014,N/A,14 Aug 2014,92 min,Biography,N/A,N/A,Sandra Bullock,N/A,German,Germany,N/A,https://m.media-amazon.com/images/M/MV5BZDA3MWUxMDItNDc2Zi00MGIxLTg3MjMtYzU4MWE1ODE5OTZlXkEyXkFqcGdeQXVyMjM0MzAyNTU@._V1_SX300.jpg,[],N/A,N/A,N/A,tt9691484,movie,N/A,N/A,N/A,N/A,
188,True,,Judi Dench: A BAFTA Tribute,2002,N/A,12 Jan 2002,70 min,Documentary,Stuart McDonald,N/A,"Judi Dench, Stephen Fry, Richard Attenborough, Juliette Binoche",Friends and colleagues pay tribute to Dame Judi Dench as she is awarded the Fellowship of the British Academy of Film and Television Arts.,English,UK,N/A,N/A,"[{'Source': 'Internet Movie Database', 'Value': '7.2/10'}]",N/A,7.2,60,tt0306839,movie,N/A,N/A,N/A,N/A,
189,True,,AFI Life Achievement Award: A Tribute to Meryl Streep,2004,N/A,21 Jun 2004,120 min,Biography,Louis J. Horvitz,Bob Gazzale,"Meryl Streep, Jim Carrey, Robert De Niro, Mike Nichols",Peers honor the actress for her contributions to movies.,English,USA,N/A,N/A,"[{'Source': 'Internet Movie Database', 'Value': '7.8/10'}]",N/A,7.8,215,tt0461644,movie,N/A,N/A,N/A,N/A,
190,True,,"Marion Cotillard and Fabrizio Rognone on Two Days, One Night",2015,N/A,12 Mar 2015,N/A,"Documentary, Short",N/A,N/A,"Marion Cotillard, Fabrizio Rongione",In French with English subtitles.,English,USA,N/A,https://m.media-amazon.com/images/M/MV5BNTQxMWI4YmEtYmQ5NC00YWIzLTgyNWItNzA2ZjExYzlmYjhlXkEyXkFqcGdeQXVyNjgwNjk1NjY@._V1_SX300.jpg,[],N/A,N/A,N/A,tt5919196,movie,N/A,N/A,N/A,N/A,
191,False,Movie not found!,,,,,,,,,,,,,,,,,,,,,,,,,
192,True,,A Filmmaker's Experience with Julianne Moore and Todd Haynes,2003,N/A,N/A,5 min,"Documentary, Short",N/A,N/A,"Todd Haynes, Julianne Moore",N/A,N/A,N/A,N/A,N/A,"[{'Source': 'Internet Movie Database', 'Value': '6.0/10'}]",N/A,6.0,10,tt0442772,movie,N/A,N/A,N/A,N/A,
193,False,Movie not found!,,,,,,,,,,,,,,,,,,,,,,,,,
194,True,,Reese Witherspoon: Hollywood's Golden Girl,2005,N/A,01 Nov 2005,N/A,Biography,N/A,Ed Singer,"Chip Bolcik, Reese Witherspoon",N/A,English,UK,N/A,N/A,"[{'Source': 'Internet Movie Database', 'Value': '8.7/10'}]",N/A,8.7,13,tt0803766,movie,N/A,N/A,N/A,N/A,
195,True,,My Nan the Next Cate Blanchett,2009,N/A,01 Apr 2009,6 min,"Short, Comedy, Drama",Tresa Ponnor,Tresa Ponnor,"Loani Arman, Sally Atkins, Justin Jarret, Jan Langford Penny",Charlie lives with the only family he has - his nan. The trouble is Nan loves Cate Blanchett so much that she sometimes dresses up as her.,English,Australia,N/A,N/A,[],N/A,N/A,N/A,tt2170529,movie,N/A,N/A,N/A,N/A,
196,True,,Brie Larson: She Said,2005,NOT RATED,01 Jan 2005,4 min,"Short, Music",N/A,N/A,Brie Larson,"The official music video page for Brie Larson's ""She Said"".",English,USA,N/A,https://m.media-amazon.com/images/M/MV5BNGUyODEwNjQtZDFlNi00YjU5LTgwZTEtZWYwYzg2ZGIxYThkXkEyXkFqcGdeQXVyMjgzMzAzMjE@._V1_SX300.jpg,"[{'Source': 'Internet Movie Database', 'Value': '5.3/10'}]",N/A,5.3,6,tt5640618,movie,N/A,N/A,N/A,N/A,
197,True,,Jennifer Lawrence Is Coming,2013,N/A,15 Jul 2013,4 min,"Short, Comedy",Justin Dec,Justin Dec,"Clancy McLain, Taylor Anthony Miller, Denver Milord","Two eager roommates wait for an old friend to drop by their home for dinner. It just so happens that friend is Oscar-winning actress Jennifer Lawrence and when it comes to blowing people off, she gives them the performance of a lifetime.",English,USA,3 nominations.,https://m.media-amazon.com/images/M/MV5BMjI4NDQ5NzEyNV5BMl5BanBnXkFtZTgwMzQ1MDE1MjE@._V1_SX300.jpg,"[{'Source': 'Internet Movie Database', 'Value': '5.1/10'}]",N/A,5.1,58,tt3058754,movie,N/A,N/A,N/A,N/A,
198,True,,Charlotte Rampling on 'The Night Porter',2006,N/A,N/A,10 min,"Documentary, Short",David Gregory,N/A,Charlotte Rampling,Charlotte Rampling recalls the making of The Night Porter.,English,UK,N/A,N/A,"[{'Source': 'Internet Movie Database', 'Value': '8.9/10'}]",N/A,8.9,9,tt1047597,movie,N/A,N/A,N/A,N/A,
199,False,Movie not found!,,,,,,,,,,,,,,,,,,,,,,,,,
200,True,,Premio Donostia a Isabelle Huppert,2003,N/A,20 Sep 2003,30 min,N/A,N/A,N/A,"Claude Chabrol, Isabelle Huppert, Edurne Ormazábal",N/A,"Basque, French, Spanish",Spain,N/A,N/A,"[{'Source': 'Internet Movie Database', 'Value': '5.3/10'}]",N/A,5.3,25,tt0459939,movie,N/A,N/A,N/A,N/A,
201,True,,AMC's Preacher Red Carpet Premiere: Alana Jordan Interviews Ruth Negga,2016,N/A,15 May 2016,4 min,"Short, News",Alana Jordan,N/A,"Alana Jordan, Ruth Negga",N/A,English,USA,N/A,N/A,[],N/A,N/A,N/A,tt9035568,movie,N/A,N/A,N/A,N/A,
202,True,,Natalie Portman,2013,N/A,N/A,15 min,"Short, Comedy",Pablo Secca,"Pablo Secca (story), Pablo Secca","Stephanie Charles, Jason O'neil Hudson, Adam Thayer, Jermaine L. Williams","Two guy drive around, get lost, find a girl passed out on a bench. Turns out, she's not just anyone. Turns out, she's packing heat.",English,USA,N/A,N/A,[],N/A,N/A,N/A,tt3810108,movie,N/A,N/A,N/A,N/A,
203,False,Movie not found!,,,,,,,,,,,,,,,,,,,,,,,,,
204,True,,AFI Life Achievement Award: A Tribute to Meryl Streep,2004,N/A,21 Jun 2004,120 min,Biography,Louis J. Horvitz,Bob Gazzale,"Meryl Streep, Jim Carrey, Robert De Niro, Mike Nichols",Peers honor the actress for her contributions to movies.,English,USA,N/A,N/A,"[{'Source': 'Internet Movie Database', 'Value': '7.8/10'}]",N/A,7.8,215,tt0461644,movie,N/A,N/A,N/A,N/A,
205,False,Movie not found!,,,,,,,,,,,,,,,,,,,,,,,,,
206,True,,Frances McDormand on Blood Simple,2016,N/A,20 Sep 2016,N/A,"Documentary, Short",N/A,N/A,N/A,N/A,English,USA,N/A,https://ia.media-imdb.com/images/M/MV5BNGRhOGU0MWEtODBlOS00MWRjLWFhNjAtM2RjMDY0MmUwNGNkXkEyXkFqcGdeQXVyNjgwNjk1NjY@._V1_SX300.jpg,[],N/A,N/A,N/A,tt5943618,movie,N/A,N/A,N/A,N/A,
207,False,Movie not found!,,,,,,,,,,,,,,,,,,,,,,,,,
208,False,Movie not found!,,,,,,,,,,,,,,,,,,,,,,,,,
209,True,,AFI Life Achievement Award: A Tribute to Meryl Streep,2004,N/A,21 Jun 2004,120 min,Biography,Louis J. Horvitz,Bob Gazzale,"Meryl Streep, Jim Carrey, Robert De Niro, Mike Nichols",Peers honor the actress for her contributions to movies.,English,USA,N/A,N/A,"[{'Source': 'Internet Movie Database', 'Value': '7.8/10'}]",N/A,7.8,215,tt0461644,movie,N/A,N/A,N/A,N/A,
